"タイムスタンプ","1.Do you live in Seattle?","2.Do you drive your own car ?","2. How often do you drive your own car ? ","A. What are the automakers come to your mind when you hear about reliability and security？(Multiple)","B. What are the automakers come to your mind when you hear about design and style? (Multiple)","C. What are the automakers come to your mind when you hear about good fuel efficiency? (Multiple)","D. What are the automakers come to your mind when you hear about good value for the price? (Multiple)","E. What are the automakers come to your mind when you hear about technology and innovation? (Multiple)","F. What car brand do you have now? (Multiple)","G. Please chose the ONE car brand that you want to drive the most.","What is your gender?  ","Race","Age (years old)","How many people are there in your family?___________(person)","What line of employment are you in?","How much do you make annually? ","How much is your household income for 1 year?"
"2018/08/12 8:51:06 午後 GMT","Yes","I don’t have a driver license.","","","","","","","","","","","","","","",""
"2018/08/12 8:51:59 午後 GMT","No","","","","","","","","","","","","","","","",""
"2018/08/12 8:52:40 午後 GMT","No","","","","","","","","","","","","","","","",""
"2018/08/12 8:53:16 午後 GMT","Yes","I don’t have a driver license.","","","","","","","","","","","","","","",""
"2018/08/12 8:56:10 午後 GMT","Yes","Yes, I do.","1~2days a week","BMW;Honda;Subaru;Toyota;Volvo","Audi;BMW;Ferrari;Lamborghini;PORSCHE","Tesla;Toyota","Honda;Mazda;Subaru;Toyota;Volvo","Hyundai;Tesla;Toyota","Chevrolet","Mitsubishi","Male","Caucasian","25","4","Student","$0 ~ $50K","$0 ~ $50K"
"2018/08/12 8:57:25 午後 GMT","Yes","I have a driver license, but I don’t drive a car.","less than once a month","Audi;BMW;Honda;Tesla;Toyota","Audi;BMW;Ferrari;Lamborghini;PORSCHE;Tesla","Don’t know","Don’t know","Tesla","I don't have a car.","Tesla","Male","Caucasian","36","3","IT","201K~250K","201K~250K"
"2018/08/12 9:08:43 午後 GMT","Yes","I have a driver license, but I don’t drive a car.","less than once a month","Audi;BMW;Ferrari;Honda;Lamborghini;Nissan;Suzuki;Toyota","Audi;Ferrari;Honda;Hyundai;Lamborghini;Nissan;Suzuki;Toyota","Audi;Chevrolet;Ferrari;Honda;Hyundai;Jeep;Mazda;Nissan;Suzuki;Toyota","Chevrolet;Mazda;Mitsubishi;Nissan;Tesla;Volkswagen;Volvo","Audi;Cadillac;Ferrari;Ford;GMC;Honda;Hyundai;Jeep;Lamborghini;Nissan;Suzuki;Tesla","Jeep","Ferrari","Female","Hispanic","23","","","",""
"2018/08/12 9:09:31 午後 GMT","No","Yes, I do.","3~5days a week","Honda;Hyundai;Subaru;Suzuki;Toyota","Audi;BMW;Cadillac;Chevrolet;Daimler(Mercedes- Benz, Smart);Ferrari;Ford;GMC;Lamborghini;Nissan;PORSCHE;Suzuki;Volkswagen","Honda;Toyota","Chevrolet;Honda;Tesla;Toyota","Audi;BMW;Cadillac;Chevrolet;Ford;GMC;Honda;Hyundai;Mazda;Subaru;Toyota;Volvo","Honda","Ford","Male","Asian","28","4","IT","$0 ~ $50K","$101K~150K"
"2018/08/12 9:10:08 午後 GMT","No","Yes, I do.","Almost every day","Honda","Chevrolet;Ford;Honda;Hyundai;Toyota;Volkswagen","Audi;Cadillac;Chevrolet;Honda","Audi;BMW;Lamborghini;PORSCHE;Volkswagen","BMW;Daimler(Mercedes- Benz, Smart);Honda","Mitsubishi","Chevrolet","Male","Asian","23","4","IT","$0 ~ $50K","$51K ~ $100K"
"2018/08/12 9:12:02 午後 GMT","Yes","I have a driver license, but I don’t drive a car.","1~4days a month","Mazda","Audi;BMW;Cadillac;Daimler(Mercedes- Benz, Smart);Ferrari;Lamborghini;PORSCHE;Tesla","Nissan;Toyota;Volvo","Mazda;Volvo","Audi;BMW;PORSCHE;Tesla","Mazda","Ferrari","Male","Caucasian","25","4","IT","$101K~150K","$101K~150K"
"2018/08/12 9:12:16 午後 GMT","Yes","Yes, I do.","1~4days a month","Honda","Audi;Chevrolet;Honda;Mazda","Nissan","BMW;Honda;Toyota","Tesla","Honda;Hyundai","Subaru","Male","Caucasian","35","4","Business","$51K ~ $100K","$101K~150K"
"2018/08/12 9:14:44 午後 GMT","Yes","Yes, I do.","3~5days a week","Honda;Mazda;Nissan;Toyota;Volkswagen","Audi;BMW;Cadillac","BMW;Ford","GMC","Chevrolet;GMC;Honda","BMW;Ford","GMC","Female","African American","40","2","Finance & Insurance","$101K~150K","151K~200K"
"2018/08/12 9:17:41 午後 GMT","Yes","Yes, I do.","3~5days a week","Ford","Audi;BMW;Volvo","Hyundai;Nissan;Subaru","Ford;Honda;Hyundai;Nissan;Subaru;Toyota;Volkswagen","Tesla","Ford","Tesla","Male","Caucasian","32","3","Business","$101K~150K","$101K~150K"
"2018/08/12 9:17:49 午後 GMT","No","I have a driver license, but I don’t drive a car.","less than once a month","Mitsubishi;PORSCHE;Toyota","Audi;BMW;Ford;Nissan;Toyota","Ford;GMC;Honda;Toyota","Ford;GMC;Honda;Hyundai;Volvo","Tesla","Daimler(Mercedes- Benz, Smart)","Daimler(Mercedes- Benz, Smart)","Male","Caucasian","36","4","Business","$101K~150K","$101K~150K"
"2018/08/12 9:18:05 午後 GMT","Yes","I have a driver license, but I don’t drive a car.","less than once a month","Audi;BMW;Honda;Subaru;Tesla;Toyota;Volkswagen;Volvo","Audi;BMW;Ferrari;Lamborghini;PORSCHE;Tesla","Audi;BMW;Ford;Subaru;Tesla;Toyota;Volkswagen;Volvo","Audi;Ford;Honda;Hyundai;Subaru;Volkswagen;Volvo","Audi;BMW;Tesla;Volvo","I don't have a car.","BMW","Male","Caucasian","22","1","IT","$101K~150K","$101K~150K"
"2018/08/12 9:19:54 午後 GMT","No","Yes, I do.","less than once a month","Audi;BMW;Daimler(Mercedes- Benz, Smart);Volvo","Audi;BMW;Chevrolet;Daimler(Mercedes- Benz, Smart);Ferrari;Ford;GMC;Honda;Hyundai;Jeep;Mazda;Mitsubishi;Nissan;PORSCHE;Subaru;Suzuki;Tesla;Toyota;Volkswagen;Volvo","Tesla;Toyota","Volkswagen","Daimler(Mercedes- Benz, Smart);Tesla","Chevrolet","Tesla","Male","Hispanic","","38","IT","$51K ~ $100K","$51K ~ $100K"
"2018/08/12 9:22:34 午後 GMT","Yes","Yes, I do.","Almost every day","Toyota","Audi;BMW;Cadillac;Daimler(Mercedes- Benz, Smart);Ferrari;Jeep;Lamborghini;PORSCHE;Tesla","Honda;Mazda;Subaru;Toyota","Honda;Hyundai;Mazda;Subaru;Toyota","Tesla","Toyota","Jeep","Female","Caucasian","28","2","Student","$0 ~ $50K","$0 ~ $50K"
"2018/08/12 9:22:48 午後 GMT","Yes","Yes, I do.","3~5days a week","Honda","Audi;BMW;Ferrari;Honda;PORSCHE;Subaru;Toyota","Honda;Subaru;Toyota","Honda;Subaru","Ferrari;Lamborghini;Subaru;Tesla","Honda;Subaru","Subaru","Female","Caucasian","28","2","Student","$0 ~ $50K","$51K ~ $100K"
"2018/08/12 9:22:54 午後 GMT","Yes","Yes, I do.","3~5days a week","Audi;BMW;Daimler(Mercedes- Benz, Smart);Ford;Honda;Nissan;Subaru;Tesla;Volkswagen","Audi;BMW;Cadillac;Ferrari;Hyundai;Lamborghini;PORSCHE;Tesla","Tesla","Audi;Honda;Nissan;Tesla","Audi;BMW;Tesla","Toyota","Tesla","Male","Caucasian","29","4","Design","$0 ~ $50K","$51K ~ $100K"
"2018/08/12 9:24:08 午後 GMT","Yes","Yes, I do.","Almost every day","Audi;Toyota","Audi;BMW;Lamborghini;Mitsubishi;PORSCHE;Tesla","Audi;Toyota","Honda;Hyundai;Toyota","Tesla","BMW","Tesla","Male","Hispanic","","4","IT","$51K ~ $100K","151K~200K"
"2018/08/12 9:27:20 午後 GMT","Yes","I have a driver license, but I don’t drive a car.","less than once a month","Daimler(Mercedes- Benz, Smart);Ford;GMC;Volvo","Audi;BMW;Cadillac;Ferrari;PORSCHE;Tesla;Volvo","Ford;GMC;Honda;Mazda;Mitsubishi;Toyota","Ford;GMC;Honda;Toyota","Daimler(Mercedes- Benz, Smart);Hyundai;Toyota","Volvo","Cadillac","Female","Asian","22","4","Student","$0 ~ $50K","$101K~150K"
"2018/08/12 9:29:55 午後 GMT","No","Yes, I do.","Almost every day","Audi;BMW;Ferrari","Ferrari;Lamborghini","Mitsubishi;Nissan","Audi;Subaru","Tesla","Audi","Audi","Female","Caucasian","","","Business","",""
"2018/08/12 9:30:45 午後 GMT","No","Yes, I do.","3~5days a week","Cadillac","Ferrari","GMC;Toyota;Volkswagen","Daimler(Mercedes- Benz, Smart);Honda","Daimler(Mercedes- Benz, Smart)","Cadillac;Ford","Daimler(Mercedes- Benz, Smart)","Female","Caucasian","","","","",""
"2018/08/12 9:31:15 午後 GMT","No","Yes, I do.","3~5days a week","Cadillac","Ferrari","GMC;Toyota;Volkswagen","Daimler(Mercedes- Benz, Smart);Honda","Daimler(Mercedes- Benz, Smart)","Cadillac;Ford","Daimler(Mercedes- Benz, Smart)","Female","Caucasian","","","","",""
"2018/08/12 10:46:38 午後 GMT","No","","","","","","","","","","","","","","","",""
"2018/08/12 10:48:38 午後 GMT","Yes","Yes, I do.","Almost every day","Honda;Toyota","Audi;BMW;Cadillac;Ferrari;Lamborghini;PORSCHE;Tesla","Cadillac;Chevrolet;Honda;Tesla;Toyota","Toyota","Audi;Tesla","Chevrolet;Toyota","Ferrari","Male","Caucasian","","","","",""
"2018/08/12 10:49:19 午後 GMT","Yes","Yes, I do.","Almost every day","Honda;Subaru;Toyota","BMW;Ferrari;Lamborghini;PORSCHE;Tesla;Volkswagen","Toyota","Hyundai","BMW;Daimler(Mercedes- Benz, Smart);PORSCHE;Tesla","Subaru","Lamborghini","Male","Asian","","","","",""
"2018/08/12 10:52:21 午後 GMT","No","I have a driver license, but I don’t drive a car.","Almost every day","Audi;BMW;Honda;Hyundai;Mazda;Nissan;Toyota;Volvo","Audi;BMW;Ferrari;PORSCHE;Subaru","Chevrolet;Ford;GMC;Honda;Tesla;Toyota;Volkswagen","Ford;GMC;Suzuki","Audi;BMW;Subaru","Toyota","Volvo","Male","","","","","",""
"2018/08/12 10:53:46 午後 GMT","Yes","Yes, I do.","Almost every day","Chevrolet;Ford;Honda;Subaru;Tesla;Toyota;Volvo","Audi;BMW;Cadillac;Ferrari;Lamborghini;PORSCHE;Tesla","Honda;Subaru;Tesla;Toyota;Volvo","Ford;Honda;Subaru;Toyota;Volvo","Audi;BMW;Ferrari;Lamborghini;PORSCHE;Tesla","Subaru","Tesla","Female","Caucasian","25","4","Business","$0 ~ $50K","151K~200K"
"2018/08/12 10:54:18 午後 GMT","No","Yes, I do.","3~5days a week","Honda","Audi;BMW","Honda","Honda","Honda","Chevrolet","Tesla","Female","Caucasian","25","4","Student","$0 ~ $50K",""
"2018/08/12 10:56:10 午後 GMT","Yes","I have a driver license, but I don’t drive a car.","less than once a month","BMW;Ford;Hyundai;Subaru;Toyota","Audi;BMW;Ferrari;Lamborghini;PORSCHE","Daimler(Mercedes- Benz, Smart);Ford;Hyundai;Subaru","Ford;Honda;Jeep;Subaru","BMW;Ferrari;Lamborghini;PORSCHE;Tesla","Hyundai","PORSCHE","Female","Hispanic","25","7","Business","$51K ~ $100K","$51K ~ $100K"
"2018/08/12 10:56:32 午後 GMT","Yes","Yes, I do.","3~5days a week","Honda;Nissan;Subaru;Tesla;Toyota","Audi;BMW;Ferrari;Jeep;Lamborghini;PORSCHE;Tesla;Volkswagen;Volvo","Ford;Honda;Nissan;Subaru;Tesla;Toyota","Chevrolet;Ford;GMC;Honda;Hyundai;Nissan;Subaru;Toyota","Audi;BMW;Ferrari;Honda;Lamborghini;Nissan;PORSCHE;Subaru;Tesla;Toyota;Volkswagen;Volvo","Honda","Jeep","Female","Caucasian","28","2","leagal","$0 ~ $50K","$51K ~ $100K"
"2018/08/12 10:57:15 午後 GMT","Yes","Yes, I do.","Almost every day","Honda;Subaru","Cadillac;Ferrari;Lamborghini;PORSCHE","Honda;Tesla","Ford;Honda;Hyundai;Tesla","Tesla","Ford","PORSCHE","Male","Caucasian","28","2","IT","$0 ~ $50K","$51K ~ $100K"
"2018/08/12 10:57:23 午後 GMT","Yes","Yes, I do.","1~2days a week","Subaru","Audi;BMW;Ferrari;Volkswagen","Honda;Hyundai;Toyota","Honda;Hyundai;Subaru;Toyota","Audi;BMW","Subaru","Subaru","Female","Asian","","1","Health Services","$101K~150K","$101K~150K"
"2018/08/12 10:57:41 午後 GMT","Yes","Yes, I do.","1~2days a week","Subaru","Audi;BMW;Ferrari;Volkswagen","Honda;Hyundai;Toyota","Honda;Hyundai;Subaru;Toyota","Audi;BMW","Subaru","Subaru","Female","Asian","","1","Health Services","$101K~150K","$101K~150K"
"2018/08/12 10:58:40 午後 GMT","Yes","Yes, I do.","Almost every day","Audi;BMW;Honda;Mazda;Subaru;Tesla;Volvo","Audi;BMW;Lamborghini;Tesla","Honda;Tesla;Toyota","Honda;Mazda;Subaru","Tesla","Subaru","Tesla","Female","Caucasian","39","3","Architect","$51K ~ $100K","201K~250K"
"2018/08/12 11:00:18 午後 GMT","No","Yes, I do.","Almost every day","Subaru;Toyota;Volvo","Audi;Toyota","Chevrolet;Tesla;Toyota","Ford;Toyota","Audi;BMW;Toyota","Toyota","Audi","Female","Caucasian","40","1","Architecture","$51K ~ $100K","$51K ~ $100K"
"2018/08/12 11:00:32 午後 GMT","No","I have a driver license, but I don’t drive a car.","less than once a month","Nissan","Cadillac","Chevrolet","Mazda;Toyota","Tesla","BMW","Ferrari","Male","Caucasian","35","4","IT","$51K ~ $100K","$101K~150K"
"2018/08/12 11:01:11 午後 GMT","No","I have a driver license, but I don’t drive a car.","less than once a month","Cadillac","Mitsubishi","Ford","Honda","GMC;Volkswagen","Honda","Ferrari","Female","","","","","",""
"2018/08/12 11:01:57 午後 GMT","Yes","Yes, I do.","3~5days a week","Cadillac","Daimler(Mercedes- Benz, Smart)","Ford","Mazda;Mitsubishi","Tesla","Toyota","Lamborghini","Male","Caucasian","27","","","",""
"2018/08/12 11:02:19 午後 GMT","No","Yes, I do.","Almost every day","Chevrolet;Ford;Jeep;Subaru;Volkswagen","Audi;BMW;Daimler(Mercedes- Benz, Smart);Ferrari;Lamborghini;PORSCHE","Honda;Nissan;Subaru;Volkswagen","Chevrolet;Ford;GMC;Honda;Nissan;Subaru;Toyota;Volkswagen","Chevrolet;Ford;Hyundai;Tesla;Volvo","Jeep","PORSCHE","Female","Caucasian","23","6","Student","$0 ~ $50K","$0 ~ $50K"
"2018/08/12 11:03:13 午後 GMT","Yes","Yes, I do.","Almost every day","Chevrolet","Ford","Chevrolet","Daimler(Mercedes- Benz, Smart);Volvo","Tesla","Ford","Tesla","Female","","","","","$0 ~ $50K",""
"2018/08/12 11:05:24 午後 GMT","No","Yes, I do.","Almost every day","Audi;BMW;Daimler(Mercedes- Benz, Smart);Ferrari;PORSCHE;Toyota","Audi;BMW;Ferrari;PORSCHE;Tesla","Honda;Tesla;Toyota;Volkswagen","Tesla;Volkswagen","BMW;Daimler(Mercedes- Benz, Smart);Ferrari;Tesla","BMW","BMW","Female","Caucasian","27","2","leagal","$51K ~ $100K","201K~250K"
"2018/08/12 11:05:35 午後 GMT","Yes","Yes, I do.","1~4days a month","Honda;Subaru;Toyota","Audi;Tesla","Honda;Tesla;Toyota","Honda;Toyota","Tesla","Toyota","Toyota","Female","Asian","28","2","leagal","$0 ~ $50K","$101K~150K"
"2018/08/12 11:07:03 午後 GMT","No","Yes, I do.","Almost every day","BMW;Cadillac;Ferrari;Honda;Jeep;Lamborghini;PORSCHE;Tesla;Toyota","Audi;BMW;Cadillac;Ferrari;Lamborghini;PORSCHE;Tesla","Audi;Honda;Hyundai;Subaru;Suzuki;Tesla","Chevrolet;Ford;Honda;Subaru","Audi;BMW;Ferrari;Mitsubishi;PORSCHE;Tesla;Volkswagen","Honda","Honda","Female","Caucasian","31","4","Stay at home parent ","$101K~150K","$101K~150K"
"2018/08/12 11:07:27 午後 GMT","Yes","Yes, I do.","3~5days a week","Honda;Toyota","Audi;Volvo","Volkswagen","Hyundai","Tesla","Volvo","Tesla","Male","Caucasian","31","","Education","$51K ~ $100K","$51K ~ $100K"
"2018/08/12 11:08:10 午後 GMT","Yes","Yes, I do.","1~2days a week","Honda;Subaru;Toyota","Audi;BMW;Ferrari;Lamborghini;PORSCHE;Tesla","Honda;Hyundai;Toyota","Honda;Hyundai;Toyota","Tesla","Hyundai","Tesla","Female","Asian","25","2","leagal","$0 ~ $50K","$101K~150K"
"2018/08/12 11:14:01 午後 GMT","No","Yes, I do.","1~2days a week","Chevrolet;Toyota","Audi;BMW;PORSCHE","Nissan;Tesla;Toyota","Hyundai;Subaru;Toyota","Tesla","Chevrolet","Tesla","Male","Caucasian","44","4","Research ","$0 ~ $50K","$51K ~ $100K"
"2018/08/12 11:29:53 午後 GMT","Yes","I have a driver license, but I don’t drive a car.","less than once a month","Chevrolet","BMW","Mazda","Daimler(Mercedes- Benz, Smart)","GMC;Honda","Tesla","Tesla","Male","","","","","",""
"2018/08/13 10:36:25 午後 GMT","Yes","I don’t have a driver license.","","","","","","","","","","","","","","",""
"2018/08/13 10:40:36 午後 GMT","Yes","I have a driver license, but I don’t drive a car.","less than once a month","Honda;Nissan;Toyota","Audi;BMW;PORSCHE;Volvo","Nissan;Toyota","Nissan","BMW;Daimler(Mercedes- Benz, Smart);PORSCHE;Volvo","I don't have a car.","Audi","Female","African American","23","4","Student","$0 ~ $50K","$0 ~ $50K"
"2018/08/13 10:42:39 午後 GMT","No","Yes, I do.","Almost every day","Audi;BMW;Tesla;Toyota;Volkswagen;Volvo","Audi;BMW;Ferrari;Lamborghini;Mazda;PORSCHE;Tesla","Tesla;Toyota","Ford;Mazda;Toyota;Volkswagen;Volvo","Audi;BMW;Tesla","BMW;Toyota","BMW","Female","Persian ","18","5","Student","$0 ~ $50K","$51K ~ $100K"
"2018/08/13 10:42:58 午後 GMT","Yes","Yes, I do.","3~5days a week","Ford;Honda;Nissan","Audi;BMW;Cadillac;Ferrari;Lamborghini;PORSCHE;Tesla","Tesla;Toyota","Nissan;Toyota","PORSCHE","Honda;Nissan","PORSCHE","Male","Caucasian","","","leagal","$101K~150K","251K~300K"
"2018/08/13 10:45:26 午後 GMT","Yes","Yes, I do.","3~5days a week","Ford;Honda;Nissan","BMW;Jeep;Lamborghini;Volvo","Audi;GMC;Mazda;Mitsubishi","BMW","Tesla","Daimler(Mercedes- Benz, Smart)","Daimler(Mercedes- Benz, Smart)","Male","Asian","22","","Student","",""
"2018/08/13 10:45:40 午後 GMT","No","Yes, I do.","Almost every day","Ford;Volvo","Audi;BMW;Lamborghini;PORSCHE","Honda;Toyota;Volkswagen","Hyundai","BMW;Nissan;Toyota;Volkswagen","Chevrolet;Ford;GMC","Ford","","","","","","",""
"2018/08/13 10:45:59 午後 GMT","Yes","I don’t have a driver license.","","","","","","","","","","","","","","",""
"2018/08/13 10:48:24 午後 GMT","No","I have a driver license, but I don’t drive a car.","less than once a month","Ferrari","Cadillac","Daimler(Mercedes- Benz, Smart)","GMC;Honda","Daimler(Mercedes- Benz, Smart)","Nissan","Lamborghini","Male","African American","","","Business","$0 ~ $50K",""
"2018/08/13 10:49:41 午後 GMT","No","Yes, I do.","Almost every day","BMW","Lamborghini","Honda;Hyundai;Mitsubishi","Honda","Daimler(Mercedes- Benz, Smart)","Audi","PORSCHE","Female","Caucasian","","31","Finance & Insurance","$51K ~ $100K",""
"2018/08/13 10:51:12 午後 GMT","Yes","Yes, I do.","1~2days a week","Jeep","Audi;BMW;Daimler(Mercedes- Benz, Smart);Ferrari;Honda;Hyundai;Jeep;Mazda;Nissan;PORSCHE;Subaru;Toyota;Volkswagen;Volvo","Honda;Hyundai;Mazda;Nissan;Tesla;Toyota","Audi;BMW;Cadillac;Chevrolet;Daimler(Mercedes- Benz, Smart);Ford;GMC;Honda;Hyundai;Jeep;Mazda;Mitsubishi;Nissan;Subaru;Toyota;Volkswagen;Volvo","Audi;BMW;GMC;Honda;Hyundai;Jeep;Lamborghini;Mazda;Mitsubishi;Nissan;PORSCHE;Subaru;Suzuki;Toyota;Volkswagen;Volvo","Jeep","Hyundai","Male","Caucasian","65","1","IT","$51K ~ $100K","$51K ~ $100K"
"2018/08/13 10:51:23 午後 GMT","No","Yes, I do.","1~4days a month","Audi;BMW;Honda;Toyota","BMW;Ferrari;Lamborghini;PORSCHE","Honda;Toyota;Volkswagen","Audi;Honda;Mitsubishi;Toyota","Audi;BMW","Toyota;Volkswagen","Lamborghini","Female","Asian","31","3","Finance & Insurance","$51K ~ $100K","151K~200K"
"2018/08/13 10:56:29 午後 GMT","No","Yes, I do.","Almost every day","Audi;BMW;Honda;Subaru;Volvo","Audi;Cadillac;Ferrari;Lamborghini;PORSCHE;Tesla","Honda;Subaru;Volkswagen","Chevrolet;Ford;Honda;Hyundai;Toyota","BMW;Chevrolet;Tesla;Volkswagen;Volvo","Chevrolet;Honda","PORSCHE","Male","Caucasian","54","","Finance & Insurance","$101K~150K","201K~250K"
"2018/08/13 10:57:33 午後 GMT","Yes","I don’t have a driver license.","","","","","","","","","","","","","","",""
"2018/08/13 10:58:24 午後 GMT","No","I have a driver license, but I don’t drive a car.","less than once a month","Cadillac","PORSCHE","Ford","Ford","Daimler(Mercedes- Benz, Smart)","BMW","Lamborghini","Female","Caucasian","","","","",""
"2018/08/13 10:58:44 午後 GMT","No","I don’t have a driver license.","","","","","","","","","","","","","","",""
"2018/08/13 11:00:20 午後 GMT","No","Yes, I do.","Almost every day","GMC","Cadillac","Volvo","Daimler(Mercedes- Benz, Smart)","Daimler(Mercedes- Benz, Smart);Lamborghini;PORSCHE","Honda","Ferrari","Male","Asian","25","","Food & Hospitality","$101K~150K",""
"2018/08/13 11:01:07 午後 GMT","No","Yes, I do.","Almost every day","Audi;BMW;Honda;Subaru;Toyota;Volkswagen;Volvo","Audi;BMW;Ferrari;Lamborghini;PORSCHE;Tesla;Volvo","Honda;Mazda;Toyota","Honda;Mazda;Subaru;Toyota;Volkswagen","Audi;BMW;Volkswagen;Volvo","Volkswagen","Volkswagen","Male","Hispanic","34","3","IT","$0 ~ $50K","$101K~150K"
"2018/08/13 11:01:14 午後 GMT","No","Yes, I do.","Almost every day","Honda","Audi;BMW;Ferrari","Honda;Hyundai;Mazda;Toyota","Honda;Hyundai;Toyota","Tesla","Honda","BMW","Female","Hispanic","38","1","leagal","$101K~150K","$101K~150K"
"2018/08/13 11:01:36 午後 GMT","Yes","I have a driver license, but I don’t drive a car.","less than once a month","Daimler(Mercedes- Benz, Smart)","BMW","Hyundai;Jeep","Daimler(Mercedes- Benz, Smart);Mazda;Mitsubishi;Nissan;Toyota;Volkswagen","PORSCHE;Tesla","I don't have a car.","PORSCHE","Male","Asian","43","5","IT","$101K~150K","$101K~150K"
"2018/08/13 11:01:58 午後 GMT","No","Yes, I do.","Almost every day","Honda;Subaru;Volvo","Audi;BMW;Cadillac;Ferrari;Lamborghini;Tesla;Volkswagen;Volvo","Honda;Hyundai;Nissan;Subaru;Volkswagen","Honda;Hyundai;Subaru","Audi;BMW;Cadillac;Ferrari;Volkswagen;Volvo","Subaru","Audi","Male","Caucasian","29","1","Student","$51K ~ $100K","$51K ~ $100K"
"2018/08/13 11:02:37 午後 GMT","No","I have a driver license, but I don’t drive a car.","less than once a month","Audi;BMW;Honda;Toyota;Volkswagen","BMW;Ferrari;Lamborghini;PORSCHE;Tesla;Volvo","Toyota","Honda","Daimler(Mercedes- Benz, Smart);Tesla","I don't have a car.","Honda","Female","Caucasian","21","1","Student","$0 ~ $50K","$101K~150K"
"2018/08/13 11:02:51 午後 GMT","No","I have a driver license, but I don’t drive a car.","less than once a month","Cadillac","Lamborghini","Tesla;Toyota;Volkswagen","Toyota","Ferrari;Lamborghini;Tesla","I don't have a car.","Tesla","Male","African American","64","4","","$0 ~ $50K","$51K ~ $100K"
"2018/08/13 11:04:01 午後 GMT","Yes","Yes, I do.","1~2days a week","BMW;Mazda;Volkswagen","Daimler(Mercedes- Benz, Smart);Ferrari","Ford;Honda","Ford","Daimler(Mercedes- Benz, Smart)","Toyota","Lamborghini","Male","Caucasian","37","3","Business","$51K ~ $100K","$51K ~ $100K"
"2018/08/13 11:05:36 午後 GMT","Yes","I have a driver license, but I don’t drive a car.","less than once a month","Ford;Honda;Suzuki","BMW;Lamborghini","Toyota","Suzuki;Toyota","Audi;Cadillac;Tesla","I don't have a car.","Tesla","Male","Caucasian","","","Food & Hospitality","$0 ~ $50K",""
"2018/08/13 11:08:08 午後 GMT","Yes","Yes, I do.","1~2days a week","Honda;Toyota;Volkswagen","Audi;BMW;Daimler(Mercedes- Benz, Smart);Tesla","Subaru;Suzuki;Tesla;Toyota","Audi;Toyota","Tesla;Toyota","Audi;Volkswagen","Lamborghini","Male","Hispanic","","","NPO","$0 ~ $50K",""
"2018/08/13 11:09:42 午後 GMT","Yes","Yes, I do.","1~2days a week","Honda","BMW","Subaru;Suzuki;Toyota","Nissan","Lamborghini;Tesla;Toyota","Daimler(Mercedes- Benz, Smart)","Tesla","Male","","","","","$0 ~ $50K","$51K ~ $100K"
"2018/08/13 11:10:44 午後 GMT","No","Yes, I do.","Almost every day","Daimler(Mercedes- Benz, Smart)","Daimler(Mercedes- Benz, Smart)","Tesla;Toyota","Ford","Tesla","Volvo","Ferrari","Female","Caucasian","","","","",""
"2018/08/13 11:31:56 午後 GMT","Yes","I have a driver license, but I don’t drive a car.","3~5days a week","Daimler(Mercedes- Benz, Smart);Toyota","BMW","Ford;Honda;Toyota","Honda;Mazda;Toyota","Tesla","Ford","Lamborghini","Male","Caucasian","","","","",""
"2018/08/13 11:35:57 午後 GMT","No","Yes, I do.","1~2days a week","BMW;Ford;GMC;Honda;Toyota;Volkswagen;Volvo","Audi;BMW;Cadillac;Daimler(Mercedes- Benz, Smart);Ferrari;Lamborghini;PORSCHE;Tesla","Honda;Mazda;Mitsubishi;Nissan;Toyota","Honda;Mitsubishi;Nissan;Suzuki;Toyota","Daimler(Mercedes- Benz, Smart);Tesla","Honda","Daimler(Mercedes- Benz, Smart)","Female","Caucasian","36","2","Business","$0 ~ $50K","$51K ~ $100K"
"2018/08/13 11:46:08 午後 GMT","Yes","Yes, I do.","1~2days a week","Daimler(Mercedes- Benz, Smart);Ford;Honda;Toyota","Audi;BMW;Daimler(Mercedes- Benz, Smart);Tesla","Honda;Mazda;Suzuki;Toyota;Volkswagen","Ford;GMC;Honda;Mazda;Mitsubishi;Nissan;Subaru;Suzuki;Toyota","Tesla","Honda","PORSCHE","Male","Caucasian","24","3","Student","$0 ~ $50K","$51K ~ $100K"
"2018/08/13 11:47:59 午後 GMT","Yes","I have a driver license, but I don’t drive a car.","less than once a month","Audi;BMW;Daimler(Mercedes- Benz, Smart);Ford;Honda;Mazda;Nissan;PORSCHE;Toyota;Volkswagen;Volvo","Audi;BMW;Cadillac;Daimler(Mercedes- Benz, Smart);Ferrari;Lamborghini;PORSCHE;Tesla","Ford;Honda;Mazda;Mitsubishi;Nissan;Subaru;Suzuki;Toyota","Ford;GMC;Honda;Mazda;Mitsubishi;Nissan;Subaru;Suzuki;Toyota;Volkswagen","Daimler(Mercedes- Benz, Smart);Lamborghini;Tesla","I don't have a car.","Tesla","Male","Caucasian","36","","IT","$51K ~ $100K",""
"2018/08/13 11:51:13 午後 GMT","Yes","Yes, I do.","3~5days a week","Audi;BMW;Ford;Honda;Nissan;Toyota","Audi;BMW;Lamborghini;PORSCHE","Honda;Mazda;Mitsubishi;Nissan;Toyota","Ford;Honda;Mazda;Mitsubishi;Nissan;Subaru;Toyota;Volkswagen","Daimler(Mercedes- Benz, Smart);Tesla;Toyota","Toyota","Daimler(Mercedes- Benz, Smart)","Male","Asian","","","","",""
"2018/08/21 8:46:08 午後 GMT","No","Yes, I do.","Almost every day","Honda;Subaru;Tesla;Toyota","Nissan;PORSCHE;Toyota","Tesla","Hyundai","Tesla","Nissan","Tesla","Male","Caucasian","33","2","Automobile Industry","$51K ~ $100K","$101K~150K"
"2018/08/21 8:47:00 午後 GMT","No","Yes, I do.","Almost every day","Honda;Nissan;Subaru;Tesla;Toyota;Volkswagen;Volvo","Audi;BMW;Cadillac;Ferrari;Jeep;Lamborghini;Mazda;PORSCHE;Tesla","Audi;Subaru;Tesla;Toyota","Honda;Hyundai;Nissan;Subaru","Tesla","Nissan","PORSCHE","Female","Caucasian","30","2","Military","$0 ~ $50K","$51K ~ $100K"
"2018/08/21 8:48:07 午後 GMT","Yes","Yes, I do.","Almost every day","Toyota","PORSCHE","Tesla","Toyota","Tesla","Subaru","PORSCHE","Male","Mixed","","1","Education","$51K ~ $100K","$51K ~ $100K"
"2018/08/21 8:50:29 午後 GMT","Yes","Yes, I do.","3~5days a week","BMW;Honda;Nissan;Subaru;Toyota;Volvo","Audi;BMW;Daimler(Mercedes- Benz, Smart);Ferrari;Lamborghini;Mazda;PORSCHE;Volvo","Nissan;Subaru;Toyota","Ford;Honda;Nissan;Subaru;Toyota","Audi;Volkswagen;Volvo","Ford","Volvo","Female","Caucasian","24","4","Education","$51K ~ $100K","$51K ~ $100K"
"2018/08/21 8:50:39 午後 GMT","Yes","Yes, I do.","3~5days a week","BMW;Honda;Nissan;Subaru;Toyota;Volvo","Audi;BMW;Daimler(Mercedes- Benz, Smart);Ferrari;Lamborghini;Mazda;PORSCHE;Volvo","Nissan;Subaru;Toyota","Ford;Honda;Nissan;Subaru;Toyota","Audi;Volkswagen;Volvo","Ford","Volvo","Female","Caucasian","24","4","Education","$51K ~ $100K","$51K ~ $100K"
"2018/08/21 8:51:54 午後 GMT","Yes","Yes, I do.","Almost every day","Audi;BMW;Volvo","Audi;BMW;Volvo","Honda;Toyota","Chevrolet;Ford;Jeep","BMW;Tesla","BMW","Ferrari","Male","Caucasian","33","1","Student","$0 ~ $50K","$0 ~ $50K"
"2018/08/21 8:52:20 午後 GMT","Yes","Yes, I do.","Almost every day","Audi;BMW;Honda;Mazda;Tesla;Toyota;Volkswagen","Audi;BMW;Cadillac;Ferrari;Lamborghini;PORSCHE;Tesla","Honda;Mazda;Toyota","Chevrolet;Ford;Honda;Mazda;Nissan;Toyota","BMW;Tesla;Volkswagen","Honda","Tesla","Male","Caucasian","35","1","Personal Services","$0 ~ $50K","$0 ~ $50K"
"2018/08/21 8:52:21 午後 GMT","Yes","Yes, I do.","3~5days a week","BMW","Chevrolet","Ford","GMC","Tesla","BMW","Audi","Male","","","","","",""
"2018/08/21 8:53:53 午後 GMT","Yes","Yes, I do.","Almost every day","Audi;BMW;Honda;Subaru;Toyota","Audi;BMW;Cadillac;Daimler(Mercedes- Benz, Smart);Ferrari;Lamborghini;PORSCHE;Tesla","Honda;Hyundai;Mazda;Mitsubishi;Nissan;Subaru;Tesla;Toyota","Honda;Hyundai;Mazda;Nissan;Subaru;Suzuki;Toyota;Volkswagen;Volvo","Audi;BMW;Ferrari;Hyundai;Lamborghini;Mazda;PORSCHE","Ford","Toyota","Female","Caucasian","25","5","Student","$0 ~ $50K","$0 ~ $50K"
"2018/08/21 8:54:16 午後 GMT","Yes","Yes, I do.","Almost every day","Nissan;PORSCHE","Nissan;PORSCHE","Hyundai;Nissan;PORSCHE","Chevrolet;Nissan;Tesla","Lamborghini;PORSCHE;Tesla","Nissan","PORSCHE","Female","Hispanic","33","6","Business","$0 ~ $50K","$0 ~ $50K"
"2018/08/21 8:56:12 午後 GMT","Yes","I have a driver license, but I don’t drive a car.","less than once a month","BMW;Ferrari;Ford;Honda;Jeep;PORSCHE;Toyota","BMW;Cadillac;Chevrolet;Jeep;Lamborghini;PORSCHE;Toyota","Nissan","Toyota","Jeep","Daimler(Mercedes- Benz, Smart)","Ferrari","Female","Asian","19","3","Student","$101K~150K","151K~200K"
"2018/08/21 8:57:01 午後 GMT","Yes","Yes, I do.","Almost every day","Hyundai","Hyundai","BMW","BMW","BMW","Nissan","PORSCHE","Male","Hispanic","44","6","Business","$0 ~ $50K","$0 ~ $50K"
"2018/08/21 8:58:26 午後 GMT","Yes","Yes, I do.","1~2days a week","BMW","Ferrari","Chevrolet;Honda","Jeep","Ferrari","BMW","Cadillac","Female","","","","","",""
"2018/08/21 8:59:26 午後 GMT","No","Yes, I do.","Almost every day","Ford;Honda;Nissan;Toyota","Daimler(Mercedes- Benz, Smart);Ferrari;Lamborghini;Mazda;PORSCHE","Honda;Nissan;Subaru;Toyota;Volkswagen","Ford;Mazda;Toyota","BMW;Daimler(Mercedes- Benz, Smart);Nissan;Tesla;Toyota","Mazda","Mazda","Female","Caucasian","49","2","Health Services","$51K ~ $100K","$51K ~ $100K"
"2018/08/21 8:59:53 午後 GMT","Yes","Yes, I do.","Almost every day","Honda;Volvo","Daimler(Mercedes- Benz, Smart);Ferrari;Lamborghini;PORSCHE;Tesla","Honda;Toyota;Volkswagen","Honda;Toyota","Tesla","Honda","Subaru","Female","Caucasian","59","1","Finance & Insurance","$0 ~ $50K","$0 ~ $50K"
"2018/08/21 9:00:42 午後 GMT","Yes","Yes, I do.","Almost every day","Nissan;PORSCHE;Tesla;Toyota;Kia","Ferrari;Lamborghini;PORSCHE;Tesla","Daimler(Mercedes- Benz, Smart);Hyundai;Nissan;PORSCHE","Honda;Hyundai;Jeep;Kia ","Audi;BMW;Nissan;PORSCHE;Tesla","GMC;Nissan;PORSCHE","PORSCHE","Male","Mexican","44","6","Business","$0 ~ $50K","$0 ~ $50K"
"2018/08/21 9:01:27 午後 GMT","Yes","Yes, I do.","Almost every day","Subaru","Audi;BMW;Cadillac;Chevrolet;Daimler(Mercedes- Benz, Smart);Ferrari;Ford;GMC;Honda;Hyundai;Lamborghini;PORSCHE;Subaru;Toyota","Chevrolet;Ford;Subaru;Toyota;Volkswagen","Ford;GMC;Honda;Hyundai;Mazda;Subaru;Toyota","Audi;Cadillac;Ford;GMC;Honda;Subaru;Tesla;Volkswagen","Subaru","Volkswagen","Male","Caucasian","66","1","Transportation","$51K ~ $100K","$51K ~ $100K"
"2018/08/21 9:05:01 午後 GMT","No","Yes, I do.","Almost every day","Mazda;Nissan;Toyota","Audi;BMW;Ferrari;Honda;PORSCHE","Honda;Hyundai;Mazda;Mitsubishi;Nissan;Tesla;Toyota","Ford;Honda;Mitsubishi;Nissan;Toyota","BMW;Ford;Honda;Lamborghini;Nissan;PORSCHE;Tesla;Volkswagen","Toyota","Tesla","Male","Caucasian","54","2","Personal Services","$0 ~ $50K","$101K~150K"
"2018/08/21 9:05:53 午後 GMT","Yes","Yes, I do.","3~5days a week","BMW","Cadillac","Mazda;Mitsubishi;Nissan;Subaru","Honda;Toyota","Tesla","Honda","Daimler(Mercedes- Benz, Smart)","Female","Caucasian","26","","Business","$0 ~ $50K","$0 ~ $50K"
"2018/08/21 9:06:42 午後 GMT","Yes","Yes, I do.","1~2days a week","Cadillac","Audi","Tesla;Toyota","Suzuki","Tesla","Toyota","Tesla","Male","Caucasian","","","","",""
"2018/08/21 9:08:12 午後 GMT","Yes","Yes, I do.","Almost every day","Audi;Honda;Subaru;Toyota;Volkswagen;Volvo","Audi;Daimler(Mercedes- Benz, Smart);PORSCHE;Tesla","Chevrolet;Ford;Tesla;Volkswagen","Chevrolet;Ford;Honda;Toyota;Volkswagen","Audi;Daimler(Mercedes- Benz, Smart);Tesla;Volvo","Volkswagen","Audi","Male","Caucasian","48","1","NPO","$0 ~ $50K","$51K ~ $100K"
"2018/08/21 9:08:24 午後 GMT","Yes","Yes, I do.","Almost every day","Honda;Subaru;Toyota","Audi;BMW;Cadillac;Ferrari;Lamborghini;PORSCHE;Tesla","Ford;Honda;Hyundai;Subaru;Tesla;Toyota","Honda;Subaru;Toyota","Tesla","Toyota","BMW","Male","Caucasian","21","5","Student","$0 ~ $50K","$51K ~ $100K"
"2018/08/21 9:12:00 午後 GMT","Yes","Yes, I do.","Almost every day","Ford","BMW;Daimler(Mercedes- Benz, Smart)","Honda;Volkswagen","Ford;Volkswagen","Ford;Tesla;Toyota;Volkswagen","Ford","Tesla","Male","Caucasian","72","1","Transportation","$51K ~ $100K","$51K ~ $100K"
"2018/08/21 9:13:55 午後 GMT","Yes","Yes, I do.","3~5days a week","BMW;Honda;Subaru;Volvo","BMW;Ford;Honda;Subaru;Volkswagen","BMW;Honda;Subaru","BMW;Honda;Subaru","Honda","Honda","Honda","Male","Caucasian","90","4","retired ","","$0 ~ $50K"
"2018/08/21 9:16:50 午後 GMT","Yes","Yes, I do.","Almost every day","Audi;BMW;Cadillac;Chevrolet;Daimler(Mercedes- Benz, Smart);Ferrari;Honda;Lamborghini;Tesla;Toyota;Volkswagen;Volvo","Audi;BMW;Cadillac;Daimler(Mercedes- Benz, Smart);GMC;Jeep;Lamborghini;PORSCHE;Tesla","Audi;BMW;Honda;Hyundai;Toyota;Volkswagen;Volvo","Honda;Toyota;Volkswagen","Audi;BMW;Cadillac;Daimler(Mercedes- Benz, Smart);Ferrari;Lamborghini;PORSCHE;Tesla","Volkswagen","Lamborghini","Male","Caucasian","25","4","Student","$0 ~ $50K","$101K~150K"
"2018/08/21 9:20:11 午後 GMT","Yes","Yes, I do.","Almost every day","Audi;BMW;Cadillac;Chevrolet;Ferrari;GMC;Lamborghini;Mazda;Mitsubishi;Suzuki;Tesla;Toyota","BMW;Ferrari;Ford;Lamborghini;Mitsubishi;Suzuki","Chevrolet;Honda;Nissan;Tesla;Volvo","Audi;Chevrolet;Ford;Honda;Jeep","Tesla","Chevrolet","Cadillac","Male","Caucasian","21","3","Construction/Utilities/Contracting","$0 ~ $50K","$0 ~ $50K"
"2018/08/21 10:21:18 午後 GMT","No","Yes, I do.","Almost every day","Toyota","Audi;Jeep;Toyota","Subaru;Tesla;Toyota","Mazda;Nissan;Toyota","Audi;Tesla;Toyota","GMC;Toyota","Jeep","Female","Asian","35","2","Architecture ","$101K~150K","201K~250K"
"2018/08/21 10:21:48 午後 GMT","Yes","I have a driver license, but I don’t drive a car.","3~5days a week","Toyota","BMW;Cadillac","Honda;Nissan;Toyota;Volkswagen","Audi;Ford;Nissan;Volkswagen","Tesla","Suzuki","PORSCHE","Male","Caucasian","56","2","IT","$51K ~ $100K","$51K ~ $100K"
"2018/08/21 10:22:46 午後 GMT","Yes","Yes, I do.","Almost every day","Honda;Subaru;Toyota","Honda;Toyota","Tesla;Toyota","Toyota","Tesla;Toyota","Toyota","Toyota","Female","Asian","35","2","Health Services","$51K ~ $100K","151K~200K"
"2018/08/21 10:23:11 午後 GMT","Yes","Yes, I do.","3~5days a week","BMW;Nissan","Audi;Cadillac;Lamborghini","Mazda;Suzuki;Toyota","Toyota","Tesla","Toyota","Lamborghini","Male","Asian","34","3","IT","$51K ~ $100K","$51K ~ $100K"
"2018/08/21 10:23:26 午後 GMT","No","Yes, I do.","Almost every day","Audi;Ford;Jeep;Subaru;Volkswagen","Audi;BMW;Cadillac;Ferrari;Lamborghini;PORSCHE;Tesla;Volkswagen","Hyundai","Ford;Hyundai;Toyota;Volkswagen","Tesla","Volkswagen","Volkswagen","Female","Caucasian","24","1","leagal","$101K~150K","$101K~150K"
"2018/08/21 10:24:16 午後 GMT","No","I don’t have a driver license.","","","","","","","","","","","","","","",""
"2018/08/21 10:24:58 午後 GMT","No","I have a driver license, but I don’t drive a car.","less than once a month","Toyota","BMW","Honda;Toyota;Volkswagen","Toyota;Volkswagen","Tesla;Toyota","Honda","Toyota","Female","","","","","",""
"2018/08/21 10:25:39 午後 GMT","No","Yes, I do.","Almost every day","Hyundai","Audi;Tesla;Toyota","Honda;Hyundai;Toyota","Honda;Hyundai;Toyota","Audi;BMW;Ferrari;PORSCHE;Subaru;Tesla","Audi;Hyundai","Audi","Female","Mixed","22","","Student","$0 ~ $50K","$51K ~ $100K"
"2018/08/21 10:26:52 午後 GMT","No","Yes, I do.","1~2days a week","Honda;Toyota","Ferrari","Tesla","Honda;Toyota;Volkswagen","PORSCHE;Tesla","Toyota","Toyota","Female","Caucasian","30","1","Food & Hospitality","$0 ~ $50K","$0 ~ $50K"
"2018/08/21 10:28:16 午後 GMT","No","Yes, I do.","3~5days a week","Audi","Audi;BMW;Daimler(Mercedes- Benz, Smart);Ferrari;Lamborghini;PORSCHE;Tesla","Honda;Hyundai;Tesla;Toyota;Volvo","Ford;Honda;Hyundai;Mazda;Toyota","Audi;BMW;Daimler(Mercedes- Benz, Smart);Lamborghini;PORSCHE;Tesla","Jeep;Toyota","Lamborghini","Male","Caucasian","33","4","IT","301K~","301K~"
"2018/08/21 10:30:36 午後 GMT","Yes","Yes, I do.","1~2days a week","Audi;Cadillac;Chevrolet;Daimler(Mercedes- Benz, Smart);Ford;GMC;Honda;Jeep;Nissan;Subaru;Tesla;Toyota","Audi;BMW;Cadillac;Ferrari;Lamborghini;PORSCHE;Tesla","Honda;Hyundai;Nissan;Tesla;Toyota","Chevrolet;Honda;Hyundai;Nissan;Toyota","Audi;BMW;Tesla","Volkswagen","Tesla","Female","Asian","33","2","Business","$51K ~ $100K","$101K~150K"
"2018/08/21 10:31:17 午後 GMT","Yes","Yes, I do.","1~2days a week","Toyota","Audi","Nissan","Ford","Tesla","Audi","Tesla","Male","Hispanic","","","","",""
"2018/08/21 10:32:20 午後 GMT","No","I have a driver license, but I don’t drive a car.","1~4days a month","Jeep","Audi;BMW;Lamborghini;PORSCHE","Audi;BMW;Ferrari;Lamborghini;PORSCHE","Chevrolet;Ford;Honda;Volkswagen","Audi;BMW;PORSCHE;Volvo","Jeep","PORSCHE","Female","Hispanic","39","2","Education","$51K ~ $100K","201K~250K"
"2018/08/21 10:32:50 午後 GMT","No","I have a driver license, but I don’t drive a car.","less than once a month","Toyota","BMW","Toyota","Toyota","Tesla","I don't have a car.","PORSCHE","Male","","","","","",""
"2018/08/21 10:33:25 午後 GMT","No","Yes, I do.","Almost every day","Hyundai","BMW;Ford;Jeep;Lamborghini","Honda;Hyundai;Mazda;Nissan;Volkswagen","Ford;Honda;Hyundai;Mazda;Nissan;Subaru;Toyota;Volkswagen;Volvo","BMW;Cadillac;Chevrolet;Ferrari","Hyundai;Volvo","Ferrari","Female","Hispanic","22","5","Student","$0 ~ $50K","$51K ~ $100K"
"2018/08/21 10:34:21 午後 GMT","No","Yes, I do.","1~2days a week","Honda;Nissan;Toyota","Audi","Nissan","Honda","Daimler(Mercedes- Benz, Smart);Tesla","Honda","Daimler(Mercedes- Benz, Smart)","Male","Asian","","","Education","$0 ~ $50K",""
"2018/08/21 10:36:05 午後 GMT","No","Yes, I do.","3~5days a week","BMW;Ford;Honda;Nissan;Toyota","Ferrari;PORSCHE","Nissan;Toyota","Suzuki;Volkswagen","Tesla","Honda","Daimler(Mercedes- Benz, Smart)","Male","Caucasian","45","5","Business","$51K ~ $100K","$101K~150K"
"2018/08/21 10:36:14 午後 GMT","Yes","Yes, I do.","Almost every day","Subaru;Toyota","Ferrari;Lamborghini;Nissan","Nissan;Tesla;Toyota","Honda;Subaru;Toyota","Honda;Subaru;Tesla;Toyota","Subaru","Subaru","Male","Caucasian","59","","I","$0 ~ $50K","$101K~150K"
"2018/08/21 10:37:40 午後 GMT","No","Yes, I do.","1~2days a week","Daimler(Mercedes- Benz, Smart);Toyota","Daimler(Mercedes- Benz, Smart)","Honda;Suzuki","Suzuki","Daimler(Mercedes- Benz, Smart);PORSCHE;Tesla","Nissan","Lamborghini","Female","","","","","",""
"2018/08/21 10:41:43 午後 GMT","Yes","I have a driver license, but I don’t drive a car.","1~2days a week","Honda","Audi;BMW;Cadillac;Daimler(Mercedes- Benz, Smart);Ferrari;Lamborghini;PORSCHE","Toyota","Honda","Tesla","Honda;Subaru","Audi","Female","Asian","18","4","Student","$0 ~ $50K","$51K ~ $100K"
"2018/08/21 10:42:21 午後 GMT","Yes","I don’t have a driver license.","","","","","","","","","","","","","","",""
"2018/08/21 10:45:30 午後 GMT","No","Yes, I do.","3~5days a week","Audi;BMW;Ford;Jeep","BMW;Cadillac;Ferrari;Lamborghini;Tesla","Ford;GMC;Honda;Hyundai","Ford;GMC;Honda;Mazda;Mitsubishi;Volkswagen","BMW;Daimler(Mercedes- Benz, Smart);Tesla","Ford","Lamborghini","Male","Caucasian","21","4","Student","$0 ~ $50K","$0 ~ $50K"
"2018/08/21 10:45:55 午後 GMT","No","Yes, I do.","Almost every day","Cadillac;Chevrolet;GMC;Jeep;Subaru","Cadillac;Chevrolet;GMC;Jeep;Subaru;Volkswagen;Volvo","Honda;Subaru;Toyota","Honda;Mazda;Nissan;Toyota","Mazda;Nissan;Subaru;Suzuki;Tesla","Jeep","Tesla","Female","Caucasian","","4","Agriculture & Forestry/Wildlife","$0 ~ $50K","$0 ~ $50K"
"2018/08/21 10:47:47 午後 GMT","No","Yes, I do.","Almost every day","Chevrolet;Toyota","Audi;BMW;Ferrari;PORSCHE","Chevrolet;Nissan;Toyota","Chevrolet;Toyota","BMW;Chevrolet;Tesla","Chevrolet;Toyota","Ferrari","Male","Caucasian","37","1","Transportation","$101K~150K","$101K~150K"
"2018/08/21 10:47:51 午後 GMT","Yes","Yes, I do.","Almost every day","Honda;Volkswagen","BMW;PORSCHE","Audi;Honda","Honda","Mazda","Honda","BMW","Female","Caucasian","29","2","Finance & Insurance","$51K ~ $100K","151K~200K"
"2018/08/21 10:48:15 午後 GMT","No","Yes, I do.","less than once a month","Audi","Toyota","Ford","Toyota","Tesla","Audi","BMW","Male","","","","","",""
"2018/08/21 10:51:30 午後 GMT","Yes","Yes, I do.","1~2days a week","Toyota;Volvo","BMW;Daimler(Mercedes- Benz, Smart)","Toyota","Toyota","Tesla","Audi","Daimler(Mercedes- Benz, Smart)","Male","Caucasian","35","","","",""
"2018/08/21 10:55:18 午後 GMT","No","Yes, I do.","Almost every day","Honda;Toyota","BMW","Toyota","Toyota","Tesla","Daimler(Mercedes- Benz, Smart)","BMW","Female","","","","","",""
"2018/08/21 10:55:52 午後 GMT","Yes","I don’t have a driver license.","","","","","","","","","","","","","","",""
"2018/08/21 10:57:57 午後 GMT","No","Yes, I do.","3~5days a week","Toyota","BMW","Toyota","Toyota","Tesla","Honda","Daimler(Mercedes- Benz, Smart)","Female","","","","","$0 ~ $50K",""
"2018/08/21 10:58:15 午後 GMT","No","Yes, I do.","Almost every day","Audi;BMW;Cadillac;Ford;GMC;Volkswagen;Volvo","Audi;Chevrolet;Ferrari;Honda;Lamborghini;Nissan;PORSCHE;Tesla","Honda;Nissan;Toyota","Honda;Toyota;Volvo","Audi;Honda;Tesla;Toyota","Honda","Tesla","Male","Asian","24","5","Business","$51K ~ $100K","251K~300K"
"2018/08/21 10:58:44 午後 GMT","Yes","Yes, I do.","Almost every day","Daimler(Mercedes- Benz, Smart)","BMW","Toyota","Toyota","Tesla","Honda","Volvo","Male","Caucasian","","","IT","$101K~150K",""
"2018/08/21 10:59:43 午後 GMT","Yes","Yes, I do.","Almost every day","BMW","BMW","Honda;Suzuki","Honda;Subaru","Nissan","Nissan","PORSCHE","Male","African American","","","","",""
"2018/08/21 10:59:48 午後 GMT","No","Yes, I do.","3~5days a week","Hyundai;Tesla;Toyota","Ferrari;Lamborghini;Tesla","Tesla;Toyota","Honda;Subaru;Toyota","Tesla","Toyota","Tesla","Male","Hispanic","28","2","IT","$101K~150K","$101K~150K"
"2018/08/21 11:00:23 午後 GMT","No","Yes, I do.","3~5days a week","Chevrolet","BMW","Suzuki;Tesla","Toyota","Tesla","Honda","PORSCHE","Male","","","","","",""
"2018/08/21 11:02:25 午後 GMT","Yes","Yes, I do.","3~5days a week","Daimler(Mercedes- Benz, Smart)","Daimler(Mercedes- Benz, Smart)","Toyota","Toyota","Tesla","Ford","Lamborghini","Male","","","","","",""
"2018/08/21 11:03:48 午後 GMT","No","Yes, I do.","Almost every day","Honda;Subaru;Toyota","BMW;Daimler(Mercedes- Benz, Smart);Ferrari;PORSCHE;Tesla;Toyota","Honda;Hyundai;Mazda;Mitsubishi;Nissan;Subaru;Tesla;Toyota","Honda;Hyundai;Nissan;Subaru;Toyota","Chevrolet;Honda;Tesla;Toyota","Ford;Toyota","Lamborghini","Male","Caucasian","49","5","Construction/Utilities/Contracting","$101K~150K","$101K~150K"
"2018/08/21 11:06:10 午後 GMT","Yes","Yes, I do.","Almost every day","BMW","BMW","Nissan","Toyota","Tesla","BMW","Daimler(Mercedes- Benz, Smart)","Male","","","","","",""